{
  "cpabe": {
    "scaling": {
      "device_count": [
        10,
        50,
        100,
        500,
        1000
      ],
      "key_time": [
        0.09548449516296387,
        0.444948673248291,
        0.9672329425811768,
        4.323061943054199,
        8.719748735427856
      ],
      "encrypt_time": [
        0.006058692932128906,
        0.005572080612182617,
        0.008618831634521484,
        0.00909113883972168,
        0.008860588073730469
      ],
      "decrypt_time": [
        1.430511474609375e-06,
        1.9073486328125e-06,
        2.1457672119140625e-06,
        2.6226043701171875e-06,
        4.0531158447265625e-06
      ]
    },
    "revocation": {
      "device_count": [
        100,
        500,
        1000,
        2000,
        5000
      ],
      "revoke_time": [
        1.1682510375976562e-05,
        9.918212890625e-05,
        7.843971252441406e-05,
        0.00035858154296875,
        0.0005271434783935547
      ]
    },
    "renewal": {
      "renewal_count": [
        1,
        5,
        10,
        25,
        50
      ],
      "renewal_time": [
        0.002991914749145508,
        0.014603853225708008,
        0.026555299758911133,
        0.06576180458068848,
        0.13481855392456055
      ]
    },
    "bandwidth": {
      "device_count": [
        10,
        100,
        1000,
        10000,
        100000
      ],
      "bandwidth": [
        11.0625,
        11.0595703125,
        11.0625,
        11.0625,
        11.0625
      ]
    }
  },
  "traditional": {
    "scaling": {
      "device_count": [
        10,
        50,
        100,
        500,
        1000
      ],
      "key_time": [
        4.506111145019531e-05,
        0.0002238750457763672,
        0.0004131793975830078,
        0.0017306804656982422,
        0.004197359085083008
      ],
      "encrypt_time": [
        1.3828277587890625e-05,
        0.0005543231964111328,
        0.00023865699768066406,
        0.0012004375457763672,
        0.0017402172088623047
      ],
      "decrypt_time": [
        0,
        0,
        0,
        0,
        0
      ]
    },
    "revocation": {
      "device_count": [
        100,
        500,
        1000,
        2000,
        5000
      ],
      "revoke_time": [
        6.794929504394531e-05,
        0.0015225410461425781,
        0.0043714046478271484,
        0.017909765243530273,
        0.10542583465576172
      ],
      "reissue_time": [
        6.29425048828125e-05,
        0.001508951187133789,
        0.00434112548828125,
        0.017803668975830078,
        0.10510802268981934
      ],
      "reencrypt_time": [
        2.384185791015625e-07,
        1.6689300537109375e-06,
        1.430511474609375e-06,
        6.4373016357421875e-06,
        1.71661376953125e-05
      ]
    },
    "renewal": {
      "renewal_count": [
        1,
        5,
        10,
        25,
        50
      ],
      "renewal_time": [
        5.4836273193359375e-06,
        1.8596649169921875e-05,
        2.1696090698242188e-05,
        5.817413330078125e-05,
        0.00015997886657714844
      ]
    },
    "bandwidth": {
      "device_count": [
        10,
        100,
        1000,
        10000,
        100000
      ],
      "bandwidth": [
        141.875,
        1418.75,
        14187.5,
        141875.0,
        1418750.0
      ]
    }
  },
  "comparison": {
    "bandwidth_savings": {
      "device_count": [
        10,
        100,
        1000,
        10000,
        100000
      ],
      "savings_percent": [
        92.20264317180616,
        99.22047081497797,
        99.92202643171805,
        99.99220264317181,
        99.99922026431717
      ]
    },
    "crossover_point": 500
  }
}