{
  "cpabe": {
    "scaling": {
      "device_count": [
        10,
        50,
        100,
        500,
        1000
      ],
      "key_time": [
        0.09584259986877441,
        0.4180927276611328,
        0.820399284362793,
        4.155320882797241,
        8.395428895950317
      ],
      "encrypt_time": [
        0.00997161865234375,
        0.0051958560943603516,
        0.005320310592651367,
        0.005623340606689453,
        0.006417036056518555
      ],
      "decrypt_time": [
        1.9073486328125e-06,
        1.9073486328125e-06,
        2.1457672119140625e-06,
        5.4836273193359375e-06,
        7.152557373046875e-06
      ]
    },
    "revocation": {
      "device_count": [
        100,
        500,
        1000,
        2000,
        5000
      ],
      "revoke_time": [
        1.8596649169921875e-05,
        3.790855407714844e-05,
        3.8623809814453125e-05,
        0.00023293495178222656,
        0.0003466606140136719
      ]
    },
    "renewal": {
      "renewal_count": [
        1,
        5,
        10,
        25,
        50
      ],
      "renewal_time": [
        0.0028433799743652344,
        0.013279914855957031,
        0.026356220245361328,
        0.06357336044311523,
        0.12734603881835938
      ]
    },
    "bandwidth": {
      "device_count": [
        10,
        100,
        1000,
        10000,
        100000
      ],
      "bandwidth": [
        11.056640625,
        11.0595703125,
        11.06103515625,
        11.0595703125,
        11.06103515625
      ]
    }
  },
  "traditional": {
    "scaling": {
      "device_count": [
        10,
        50,
        100,
        500,
        1000
      ],
      "key_time": [
        7.62939453125e-05,
        0.0002579689025878906,
        0.0003800392150878906,
        0.0016796588897705078,
        0.0031490325927734375
      ],
      "encrypt_time": [
        0.0013239383697509766,
        7.534027099609375e-05,
        0.00014448165893554688,
        0.00048041343688964844,
        0.0017426013946533203
      ],
      "decrypt_time": [
        0,
        0,
        0,
        0,
        0.00014090538024902344
      ]
    },
    "revocation": {
      "device_count": [
        100,
        500,
        1000,
        2000,
        5000
      ],
      "revoke_time": [
        5.984306335449219e-05,
        0.0011966228485107422,
        0.004323244094848633,
        0.016824960708618164,
        0.10477805137634277
      ],
      "reissue_time": [
        5.4836273193359375e-05,
        0.0011720657348632812,
        0.004301548004150391,
        0.01674962043762207,
        0.10447216033935547
      ],
      "reencrypt_time": [
        7.152557373046875e-07,
        1.430511474609375e-06,
        2.6226043701171875e-06,
        4.76837158203125e-06,
        1.0967254638671875e-05
      ]
    },
    "renewal": {
      "renewal_count": [
        1,
        5,
        10,
        25,
        50
      ],
      "renewal_time": [
        5.0067901611328125e-06,
        1.2874603271484375e-05,
        2.4557113647460938e-05,
        5.555152893066406e-05,
        8.7738037109375e-05
      ]
    },
    "bandwidth": {
      "device_count": [
        10,
        100,
        1000,
        10000,
        100000
      ],
      "bandwidth": [
        141.875,
        1418.75,
        14187.5,
        141875.0,
        1418750.0
      ]
    }
  },
  "comparison": {
    "bandwidth_savings": {
      "device_count": [
        10,
        100,
        1000,
        10000,
        100000
      ],
      "savings_percent": [
        92.20677312775331,
        99.22047081497797,
        99.92203675660794,
        99.99220470814979,
        99.99922036756608
      ]
    },
    "crossover_point": 500
  }
}